run_id,timestamp,model,dataset,horizon,seq_len,seg_len,d_model,seed,flags,mse,mae,mase,epoch_time_s,params,peak_mem_mb,notes
naive_ETTh1_96_2026-07-23T00:00:00,2026-07-23T00:00:00,naive,ETTh1,96,720,,,2024,period=24;features=M;seq_len=720,1.2943706,0.7131814,1.7238802,,,,"deterministic baseline, no training"
seasonal_naive_ETTh1_96_2026-07-23T00:00:00,2026-07-23T00:00:00,seasonal_naive,ETTh1,96,720,,,2024,period=24;features=M;seq_len=720,0.5122251,0.4333027,1.0497745,,,,"deterministic baseline, no training"
naive_ETTh1_192_2026-07-23T00:00:00,2026-07-23T00:00:00,naive,ETTh1,192,720,,,2024,period=24;features=M;seq_len=720,1.3248803,0.7331008,1.7786274,,,,"deterministic baseline, no training"
seasonal_naive_ETTh1_192_2026-07-23T00:00:00,2026-07-23T00:00:00,seasonal_naive,ETTh1,192,720,,,2024,period=24;features=M;seq_len=720,0.5807811,0.4691598,1.1415110,,,,"deterministic baseline, no training"
naive_ETTh1_336_2026-07-23T00:00:00,2026-07-23T00:00:00,naive,ETTh1,336,720,,,2024,period=24;features=M;seq_len=720,1.3299273,0.7459721,1.8146961,,,,"deterministic baseline, no training"
seasonal_naive_ETTh1_336_2026-07-23T00:00:00,2026-07-23T00:00:00,seasonal_naive,ETTh1,336,720,,,2024,period=24;features=M;seq_len=720,0.6499145,0.5007621,1.2200470,,,,"deterministic baseline, no training"
naive_ETTh1_720_2026-07-23T00:00:00,2026-07-23T00:00:00,naive,ETTh1,720,720,,,2024,period=24;features=M;seq_len=720,1.3351207,0.7550453,1.8401262,,,,"deterministic baseline, no training"
seasonal_naive_ETTh1_720_2026-07-23T00:00:00,2026-07-23T00:00:00,seasonal_naive,ETTh1,720,720,,,2024,period=24;features=M;seq_len=720,0.6554053,0.5141218,1.2488451,,,,"deterministic baseline, no training"
SegRNN_ETTh1_96_2026-07-26T00:00:00,2026-07-26T00:00:00,SegRNN,ETTh1,96,720,24,512,2024,seg_len=24;d_model=512,0.3510488,0.3925433,,,,,reconstruction
SegRNN_ETTh1_192_2026-07-26T00:00:00,2026-07-26T00:00:00,SegRNN,ETTh1,192,720,24,512,2024,seg_len=24;d_model=512,0.3924745,0.4141848,,,,,reconstruction
SegRNN_ETTh1_336_2026-07-26T00:00:00,2026-07-26T00:00:00,SegRNN,ETTh1,336,720,24,512,2024,seg_len=24;d_model=512,0.4232968,0.4327377,,,,,reconstruction
SegRNN_ETTh1_720_2026-07-26T00:00:00,2026-07-26T00:00:00,SegRNN,ETTh1,720,720,24,512,2024,seg_len=24;d_model=512,0.4657091,0.4719974,,,,,reconstruction
SegRNNTime_ETTh1_96_2026-07-26T00:00:00,2026-07-26T00:00:00,SegRNNTime,ETTh1,96,720,24,512,2024,seg_len=24;d_model=512;mark_dim=4;hour_emb_dim=16;weekday_emb_dim=8,0.363,0.400,,,,,improved: decoder-side hour+weekday embedding in PE (attempt 4)
SegRNNTime_ETTh1_192_2026-07-26T00:00:00,2026-07-26T00:00:00,SegRNNTime,ETTh1,192,720,24,512,2024,seg_len=24;d_model=512;mark_dim=4;hour_emb_dim=16;weekday_emb_dim=8,0.397,0.425,,,,,improved: decoder-side hour+weekday embedding in PE (attempt 4)
SegRNNTime_ETTh1_336_2026-07-26T00:00:00,2026-07-26T00:00:00,SegRNNTime,ETTh1,336,720,24,512,2024,seg_len=24;d_model=512;mark_dim=4;hour_emb_dim=16;weekday_emb_dim=8,0.424,0.434,,,,,improved: decoder-side hour+weekday embedding in PE (attempt 4)
SegRNNTime_ETTh1_720_2026-07-26T00:00:00,2026-07-26T00:00:00,SegRNNTime,ETTh1,720,720,24,512,2024,seg_len=24;d_model=512;mark_dim=4;hour_emb_dim=16;weekday_emb_dim=8,0.476,0.479,,,,,improved: decoder-side hour+weekday embedding in PE (attempt 4)
SegRNN_ETTh1_96_dm256_2026-07-26T01:00:00,2026-07-26T01:00:00,SegRNN,ETTh1,96,720,24,256,2024,seg_len=24;d_model=256,0.3557,,,,408728,,"efficiency sweep: d_model=256"
SegRNN_ETTh1_96_dm128_2026-07-26T01:00:00,2026-07-26T01:00:00,SegRNN,ETTh1,96,720,24,128,2024,seg_len=24;d_model=128,0.3677,,,,106072,,"efficiency sweep: d_model=128"
SegRNN_ETTh1_96_dm64_2026-07-26T01:00:00,2026-07-26T01:00:00,SegRNN,ETTh1,96,720,24,64,2024,seg_len=24;d_model=64,0.3848,,,,28472,,"efficiency sweep: d_model=64"
SegRNN_ETTh1_192_dm256_2026-07-26T01:00:00,2026-07-26T01:00:00,SegRNN,ETTh1,192,720,24,256,2024,seg_len=24;d_model=256,0.3956,,,,409240,,"efficiency sweep: d_model=256"
SegRNN_ETTh1_192_dm128_2026-07-26T01:00:00,2026-07-26T01:00:00,SegRNN,ETTh1,192,720,24,128,2024,seg_len=24;d_model=128,0.4007,,,,106328,,"efficiency sweep: d_model=128"
SegRNN_ETTh1_192_dm64_2026-07-26T01:00:00,2026-07-26T01:00:00,SegRNN,ETTh1,192,720,24,64,2024,seg_len=24;d_model=64,0.4219,,,,28600,,"efficiency sweep: d_model=64"
SegRNN_ETTh1_336_dm256_2026-07-26T01:00:00,2026-07-26T01:00:00,SegRNN,ETTh1,336,720,24,256,2024,seg_len=24;d_model=256,0.4248,,,,410008,,"efficiency sweep: d_model=256"
SegRNN_ETTh1_336_dm128_2026-07-26T01:00:00,2026-07-26T01:00:00,SegRNN,ETTh1,336,720,24,128,2024,seg_len=24;d_model=128,0.4304,,,,106712,,"efficiency sweep: d_model=128"
SegRNN_ETTh1_336_dm64_2026-07-26T01:00:00,2026-07-26T01:00:00,SegRNN,ETTh1,336,720,24,64,2024,seg_len=24;d_model=64,0.4445,,,,28792,,"efficiency sweep: d_model=64"
SegRNN_ETTh1_720_dm256_2026-07-26T01:00:00,2026-07-26T01:00:00,SegRNN,ETTh1,720,720,24,256,2024,seg_len=24;d_model=256,0.4881,,,,412056,,"efficiency sweep: d_model=256"
SegRNN_ETTh1_720_dm128_2026-07-26T01:00:00,2026-07-26T01:00:00,SegRNN,ETTh1,720,720,24,128,2024,seg_len=24;d_model=128,0.4915,,,,107736,,"efficiency sweep: d_model=128"
SegRNN_ETTh1_720_dm64_2026-07-26T01:00:00,2026-07-26T01:00:00,SegRNN,ETTh1,720,720,24,64,2024,seg_len=24;d_model=64,0.495,,,,29304,,"efficiency sweep: d_model=64"
